{"cameraMode":{"drawMode":0,"name":"Shaded","section":"Shading Mode"},"sceneLighting":true,"audioPlay":false,"sceneViewState":{"m_AlwaysRefresh":false,"showFog":true,"showSkybox":true,"showFlares":true,"showImageEffects":true,"showParticleSystems":true,"showVisualEffectGraphs":true,"m_FxEnabled":true},"in2DMode":false,"pivot":{"x":651.6895141601563,"y":790.0680541992188,"z":-40.22917556762695},"rotation":{"x":0.12733496725559236,"y":-0.04579424485564232,"z":0.005884998477995396,"w":0.9908344149589539},"size":443.6584777832031,"orthographic":true}