{"cameraMode":{"drawMode":0,"name":"Shaded","section":"Shading Mode"},"sceneLighting":true,"audioPlay":false,"sceneViewState":{"m_AlwaysRefresh":false,"showFog":true,"showSkybox":true,"showFlares":true,"showImageEffects":true,"showParticleSystems":true,"showVisualEffectGraphs":true,"m_FxEnabled":true},"in2DMode":false,"pivot":{"x":0.28962671756744387,"y":1.158517837524414,"z":0.8359986543655396},"rotation":{"x":0.007892278954386711,"y":0.9865986704826355,"z":-0.050680000334978107,"w":0.155159130692482},"size":1.504093885421753,"orthographic":true}