{"cameraMode":{"drawMode":0,"name":"Shaded","section":"Shading Mode"},"sceneLighting":true,"audioPlay":false,"sceneViewState":{"m_AlwaysRefresh":false,"showFog":true,"showSkybox":true,"showFlares":true,"showImageEffects":true,"showParticleSystems":true,"showVisualEffectGraphs":true,"m_FxEnabled":true},"in2DMode":false,"pivot":{"x":7.472400188446045,"y":-6.726931571960449,"z":1.0833265781402588},"rotation":{"x":-0.028137071058154107,"y":0.8757851123809815,"z":0.4792214035987854,"w":0.05123784765601158},"size":6.048678398132324,"orthographic":true}