{"cameraMode":{"drawMode":0,"name":"Shaded","section":"Shading Mode"},"sceneLighting":true,"audioPlay":false,"sceneViewState":{"m_AlwaysRefresh":false,"showFog":true,"showSkybox":true,"showFlares":true,"showImageEffects":true,"showParticleSystems":true,"showVisualEffectGraphs":true,"m_FxEnabled":true},"in2DMode":false,"pivot":{"x":-0.020013779401779176,"y":0.31898677349090578,"z":-0.9065403938293457},"rotation":{"x":-0.3560275435447693,"y":0.029726339504122735,"z":0.011326877400279045,"w":0.9339864253997803},"size":1.0416221618652344,"orthographic":true}