{"cameraMode":{"drawMode":0,"name":"Shaded","section":"Shading Mode"},"sceneLighting":true,"audioPlay":false,"sceneViewState":{"m_AlwaysRefresh":false,"showFog":true,"showSkybox":true,"showFlares":true,"showImageEffects":true,"showParticleSystems":true,"showVisualEffectGraphs":true,"m_FxEnabled":true},"in2DMode":false,"pivot":{"x":-0.897449791431427,"y":-0.46117526292800906,"z":0.22935602068901063},"rotation":{"x":-0.3560275435447693,"y":0.029726339504122735,"z":0.011326877400279045,"w":0.9339864253997803},"size":5.984601974487305,"orthographic":true}