{"cameraMode":{"drawMode":0,"name":"Shaded","section":"Shading Mode"},"sceneLighting":true,"audioPlay":false,"sceneViewState":{"m_AlwaysRefresh":false,"showFog":true,"showSkybox":true,"showFlares":true,"showImageEffects":true,"showParticleSystems":true,"showVisualEffectGraphs":true,"m_FxEnabled":true},"in2DMode":false,"pivot":{"x":-10.200896263122559,"y":2.3992037773132326,"z":-3.732484817504883},"rotation":{"x":-0.37157633900642397,"y":-0.0024913877714425327,"z":-0.0010014089057222009,"w":0.9284521341323853},"size":5.761548042297363,"orthographic":true}