{"cameraMode":{"drawMode":0,"name":"Shaded","section":"Shading Mode"},"sceneLighting":true,"audioPlay":false,"sceneViewState":{"m_AlwaysRefresh":false,"showFog":true,"showSkybox":true,"showFlares":true,"showImageEffects":true,"showParticleSystems":true,"showVisualEffectGraphs":true,"m_FxEnabled":true},"in2DMode":false,"pivot":{"x":-0.983474850654602,"y":1.8523025512695313,"z":0.4133908748626709},"rotation":{"x":0.09101162105798722,"y":0.9059663414955139,"z":-0.25105810165405276,"w":0.32865041494369509},"size":1.075888991355896,"orthographic":true}