{"cameraMode":{"drawMode":0,"name":"Shaded","section":"Shading Mode"},"sceneLighting":false,"audioPlay":false,"sceneViewState":{"m_AlwaysRefresh":false,"showFog":true,"showSkybox":false,"showFlares":true,"showImageEffects":true,"showParticleSystems":true,"showVisualEffectGraphs":true,"m_FxEnabled":true},"in2DMode":false,"pivot":{"x":-0.3624342978000641,"y":9.493826866149903,"z":0.1571858823299408},"rotation":{"x":-0.018297243863344194,"y":0.03508376702666283,"z":-0.0006425841711461544,"w":-0.9992175102233887},"size":11.231192588806153,"orthographic":false}